CH4 by FID,,,,,,,,,,,,,,CH4 by TCD,,,,,,,,,,,,,,CO2 by TCD,,,,,,,,,,,,,,,,,,,,,,,,,,,,,,,,AIR,,,,,,,,,,,,
Data#,Data Filename,Date Acquired,Sample Name,Sample Type,Level#,Ret. Time,Area,Conc. (ppt),Std. Conc.,Cal. Point,Accuracy[%],Deviation,,Data#,Data Filename,Date Acquired,Sample Name,Sample Type,Level#,Ret. Time,Area,Conc. (ppt),Std. Conc.,Cal. Point,Accuracy[%],Deviation,,Data#,Data Filename,Date Acquired,Sample Name,Sample Type,Level#,Ret. Time,Area,Conc. (ppt),Std. Conc.,Cal. Point,Accuracy[%],Deviation,,Analyst code,Note,Order,Season specific ranged CAL Measured headspace CH4  in ppm from GC in ppm,Season specific CAL Measured headspace CO2 in ppm from GC in ppm,,2021 ranged CAL Measured headspace CH4  in ppm from GC in ppm,2021 CAL Measured headspace CO2 in ppm from GC in ppm,,2022 ranged CAL Measured headspace CH4  in ppm from GC in ppm,2022 CAL Measured headspace CO2 in ppm from GC in ppm,,2023 ranged CAL Measured headspace CH4  in ppm from GC in ppm,2023 CAL Measured headspace CO2 in ppm from GC in ppm,,2024 ranged CAL Measured headspace CH4  in ppm from GC in ppm,2024 CAL Measured headspace CO2 in ppm from GC in ppm,,Data#,Data Filename,Date Acquired,Sample Name,Sample Type,Level#,Ret. Time,Area,Conc. (ppt),Std. Conc.,Cal. Point,Accuracy[%],Deviation
1,BRN07mar24_002.gcd,3/7/2024 12:57,outside air,Standard(Calc.Point),1,6.067,"1,684",0.001,0.002,1,40.1,-0.001,,1,BRN07mar24_002.gcd,3/7/2024 12:57,outside air,Standard(Calc.Point),1,-----,-----,-----,0.002,0,-----,-----,,1,BRN07mar24_002.gcd,3/7/2024 12:57,outside air,Standard(Calc.Point),1,12.223,"2,478",0.508,0.429,1,118.4,0.079,,1,,1,0.48,542,,-0.44,470,,0.01,408,,6.23,580,,0.48,542,,1,BRN07mar24_002.gcd,3/7/2024 12:57,outside air,Standard(Calc.Point),1,2.732,"5,451,561",0,950,1,0,-950
2,BRN07mar24_003.gcd,3/7/2024 13:28,outside air,Standard(Calc.Point),1,6.074,"2,409",0.003,0.002,1,131.3,0.001,,2,BRN07mar24_003.gcd,3/7/2024 13:28,outside air,Standard(Calc.Point),1,-----,-----,-----,0.002,0,-----,-----,,2,BRN07mar24_003.gcd,3/7/2024 13:28,outside air,Standard(Calc.Point),1,12.255,"2,155",0.437,0.429,1,101.8,0.008,,1,,2,2.43,476,,2.16,408,,1.05,342,,4.37,502,,2.43,476,,2,BRN07mar24_003.gcd,3/7/2024 13:28,outside air,Standard(Calc.Point),1,2.741,"5,735,162",0,950,1,0,-950
3,BRN07mar24_005.gcd,3/7/2024 14:29,std 1a,Standard(Calc.Point),1,6.102,"2,526",0.003,0.002,1,146.1,0.001,,3,BRN07mar24_005.gcd,3/7/2024 14:29,std 1a,Standard(Calc.Point),1,-----,-----,-----,0.002,0,-----,-----,,3,BRN07mar24_005.gcd,3/7/2024 14:29,std 1a,Standard(Calc.Point),1,12.211,"1,962",0.394,0.429,1,91.9,-0.035,,1,,3,2.75,436,,2.57,371,,1.23,302,,4.13,455,,2.75,436,,3,BRN07mar24_005.gcd,3/7/2024 14:29,std 1a,Standard(Calc.Point),1,2.72,"5,004,845",0,950,1,0,-950
4,BRN07mar24_006.gcd,3/7/2024 15:00,std 1b,Standard(Calc.Point),1,6.092,"2,495",0.003,0.002,1,142.2,0.001,,4,BRN07mar24_006.gcd,3/7/2024 15:00,std 1b,Standard(Calc.Point),1,-----,-----,-----,0.002,0,-----,-----,,4,BRN07mar24_006.gcd,3/7/2024 15:00,std 1b,Standard(Calc.Point),1,12.234,"1,600",0.314,0.429,1,73.3,-0.115,,1,,4,2.66,362,,2.46,302,,1.18,227,,4.19,368,,2.66,362,,4,BRN07mar24_006.gcd,3/7/2024 15:00,std 1b,Standard(Calc.Point),1,2.722,"4,962,939",0,950,1,0,-950
5,BRN07mar24_004.gcd,3/7/2024 13:59,outside air,Standard(Calc.Point),1,6.071,"2,255",0.002,0.002,1,112,0,,5,BRN07mar24_004.gcd,3/7/2024 13:59,outside air,Standard(Calc.Point),1,-----,-----,-----,0.002,0,-----,-----,,5,BRN07mar24_004.gcd,3/7/2024 13:59,outside air,Standard(Calc.Point),1,12.199,"2,408",0.493,0.429,1,114.8,0.064,,1,,5,2.01,527,,1.61,456,,0.82,394,,4.72,563,,2.01,527,,5,BRN07mar24_004.gcd,3/7/2024 13:59,outside air,Standard(Calc.Point),1,2.702,"5,191,671",0,950,1,0,-950
6,BRN07mar24_007.gcd,3/7/2024 15:31,std 2a,Standard(Calc.Point),2,6.059,"3,321",0.005,0.00346,1,142.2,0.001,,6,BRN07mar24_007.gcd,3/7/2024 15:31,std 2a,Standard(Calc.Point),2,-----,-----,-----,0.00346,0,-----,-----,,6,BRN07mar24_007.gcd,3/7/2024 15:31,std 2a,Standard(Calc.Point),2,12.221,"2,125",0.43,0.4308,1,99.8,-0.001,,1,,6,4.97,469,,5.34,402,,2.57,335,,2.85,495,,4.97,469,,6,BRN07mar24_007.gcd,3/7/2024 15:31,std 2a,Standard(Calc.Point),2,2.72,"4,988,619",0,950,1,0,-950
7,BRN07mar24_008.gcd,3/7/2024 16:01,std 2b,Standard(Calc.Point),2,6.081,"3,148",0.004,0.00346,1,129.7,0.001,,7,BRN07mar24_008.gcd,3/7/2024 16:01,std 2b,Standard(Calc.Point),2,-----,-----,-----,0.00346,0,-----,-----,,7,BRN07mar24_008.gcd,3/7/2024 16:01,std 2b,Standard(Calc.Point),2,12.214,"1,919",0.385,0.4308,1,89.3,-0.046,,1,,7,4.48,427,,4.75,363,,2.26,293,,3.07,445,,4.48,427,,7,BRN07mar24_008.gcd,3/7/2024 16:01,std 2b,Standard(Calc.Point),2,2.72,"4,995,988",0,950,1,0,-950
8,BRN07mar24_009.gcd,3/7/2024 16:32,std 3a,Standard(Calc.Point),3,6.03,"4,371",0.008,0.00708,1,106.8,0,,8,BRN07mar24_009.gcd,3/7/2024 16:32,std 3a,Standard(Calc.Point),3,-----,-----,-----,0.00708,0,-----,-----,,8,BRN07mar24_009.gcd,3/7/2024 16:32,std 3a,Standard(Calc.Point),3,12.203,"2,130",0.431,0.4354,1,99,-0.004,,1,,8,8.00,470,,8.89,403,,4.62,336,,2.21,496,,8.00,470,,8,BRN07mar24_009.gcd,3/7/2024 16:32,std 3a,Standard(Calc.Point),3,2.697,"5,401,187",0,950,1,0,-950
9,BRN07mar24_010.gcd,3/7/2024 17:02,std 3b,Standard(Calc.Point),3,6.041,"3,522",0.005,0.00708,1,76.7,-0.002,,9,BRN07mar24_010.gcd,3/7/2024 17:02,std 3b,Standard(Calc.Point),3,-----,-----,-----,0.00708,0,-----,-----,,9,BRN07mar24_010.gcd,3/7/2024 17:02,std 3b,Standard(Calc.Point),3,12.207,"1,883",0.377,0.4354,1,86.5,-0.059,,1,,9,5.54,420,,6.03,356,,2.94,285,,2.64,436,,5.54,420,,9,BRN07mar24_010.gcd,3/7/2024 17:02,std 3b,Standard(Calc.Point),3,2.721,"5,088,599",0,950,1,0,-950
10,BRN07mar24_011.gcd,3/7/2024 17:33,std 4a,Standard(Calc.Point),4,6.019,"4,954",0.009,0.01067,1,84.7,-0.002,,10,BRN07mar24_011.gcd,3/7/2024 17:33,std 4a,Standard(Calc.Point),4,-----,-----,-----,0.01067,0,-----,-----,,10,BRN07mar24_011.gcd,3/7/2024 17:33,std 4a,Standard(Calc.Point),4,12.203,"2,317",0.472,0.4399,1,107.4,0.032,,1,,10,9.74,509,,10.80,439,,5.90,375,,2.37,541,,9.74,509,,10,BRN07mar24_011.gcd,3/7/2024 17:33,std 4a,Standard(Calc.Point),4,2.698,"5,311,480",0,950,1,0,-950
11,BRN07mar24_012.gcd,3/7/2024 18:04,std 4b,Standard(Calc.Point),4,6.038,"4,705",0.008,0.01067,1,78.8,-0.002,,11,BRN07mar24_012.gcd,3/7/2024 18:04,std 4b,Standard(Calc.Point),4,-----,-----,-----,0.01067,0,-----,-----,,11,BRN07mar24_012.gcd,3/7/2024 18:04,std 4b,Standard(Calc.Point),4,12.243,"1,911",0.383,0.4399,1,87.1,-0.057,,1,,11,9.00,426,,9.99,361,,5.34,291,,2.25,443,,9.00,426,,11,BRN07mar24_012.gcd,3/7/2024 18:04,std 4b,Standard(Calc.Point),4,2.725,"4,960,635",0,950,1,0,-950
12,BRN07mar24_013.gcd,3/7/2024 18:34,std 5a,Standard(Calc.Point),5,6.03,"6,163",0.012,0.01423,1,84.9,-0.002,,12,BRN07mar24_013.gcd,3/7/2024 18:34,std 5a,Standard(Calc.Point),5,-----,-----,-----,0.01423,0,-----,-----,,12,BRN07mar24_013.gcd,3/7/2024 18:34,std 5a,Standard(Calc.Point),5,12.232,"2,185",0.443,0.4443,1,99.8,-0.001,,1,,12,13.48,482,,14.65,414,,8.86,348,,3.86,509,,13.48,482,,12,BRN07mar24_013.gcd,3/7/2024 18:34,std 5a,Standard(Calc.Point),5,2.721,"4,998,649",0,950,1,0,-950
13,BRN07mar24_014.gcd,3/7/2024 19:05,std 5b,Standard(Calc.Point),5,6.014,"6,207",0.012,0.01423,1,85.6,-0.002,,13,BRN07mar24_014.gcd,3/7/2024 19:05,std 5b,Standard(Calc.Point),5,-----,-----,-----,0.01423,0,-----,-----,,13,BRN07mar24_014.gcd,3/7/2024 19:05,std 5b,Standard(Calc.Point),5,12.214,"2,144",0.434,0.4443,1,97.7,-0.01,,1,,13,13.62,473,,14.78,406,,8.98,339,,3.95,499,,13.62,473,,13,BRN07mar24_014.gcd,3/7/2024 19:05,std 5b,Standard(Calc.Point),5,2.702,"5,184,887",0,950,1,0,-950
14,BRN07mar24_015.gcd,3/7/2024 19:36,std 6a,Standard(Calc.Point),6,6.026,"7,120",0.014,0.01775,1,81.6,-0.003,,14,BRN07mar24_015.gcd,3/7/2024 19:36,std 6a,Standard(Calc.Point),6,-----,-----,-----,0.01775,0,-----,-----,,14,BRN07mar24_015.gcd,3/7/2024 19:36,std 6a,Standard(Calc.Point),6,12.221,"2,201",0.447,0.4488,1,99.6,-0.002,,1,,14,16.55,485,,17.57,417,,11.51,351,,6.17,513,,16.55,485,,14,BRN07mar24_015.gcd,3/7/2024 19:36,std 6a,Standard(Calc.Point),6,2.72,"4,999,292",0,950,1,0,-950
15,BRN07mar24_016.gcd,3/7/2024 20:06,std 6b,Standard(Calc.Point),6,6.032,"7,090",0.014,0.01775,1,81.2,-0.003,,15,BRN07mar24_016.gcd,3/7/2024 20:06,std 6b,Standard(Calc.Point),6,-----,-----,-----,0.01775,0,-----,-----,,15,BRN07mar24_016.gcd,3/7/2024 20:06,std 6b,Standard(Calc.Point),6,12.231,"1,814",0.362,0.4488,1,80.6,-0.087,,1,,15,16.45,406,,17.48,343,,11.42,271,,6.08,419,,16.45,406,,15,BRN07mar24_016.gcd,3/7/2024 20:06,std 6b,Standard(Calc.Point),6,2.723,"5,022,492",0,950,1,0,-950
16,BRN07mar24_017.gcd,3/7/2024 20:37,std 7a,Standard(Calc.Point),7,6.046,"12,522",0.03,0.03337,1,84.2,-0.005,,16,BRN07mar24_017.gcd,3/7/2024 20:37,std 7a,Standard(Calc.Point),7,-----,-----,-----,0.03337,0,-----,-----,,16,BRN07mar24_017.gcd,3/7/2024 20:37,std 7a,Standard(Calc.Point),7,12.225,"2,190",0.44,0.4515,1,98.4,-0.007,,1,,16,31.93,483,,32.57,415,,26.92,349,,27.44,510,,31.93,483,,16,BRN07mar24_017.gcd,3/7/2024 20:37,std 7a,Standard(Calc.Point),7,2.739,"5,317,611",0,950,1,0,-950
17,BRN07mar24_018.gcd,3/7/2024 21:08,std 7b,Standard(Calc.Point),7,6.025,"11,781",0.026,0.03337,1,78.6,-0.007,,17,BRN07mar24_018.gcd,3/7/2024 21:08,std 7b,Standard(Calc.Point),7,-----,-----,-----,0.03337,0,-----,-----,,17,BRN07mar24_018.gcd,3/7/2024 21:08,std 7b,Standard(Calc.Point),7,12.218,"2,255",0.459,0.4515,1,101.6,0.007,,1,,17,29.79,496,,30.62,427,,25.18,362,,25.21,526,,29.79,496,,17,BRN07mar24_018.gcd,3/7/2024 21:08,std 7b,Standard(Calc.Point),7,2.719,"5,099,235",0,950,1,0,-950
18,BRN07mar24_019.gcd,3/7/2024 21:38,std 8a,Standard(Calc.Point),8,6.02,"54,708",0.134,0.15795,1,85,-0.024,,18,BRN07mar24_019.gcd,3/7/2024 21:38,std 8a,Standard(Calc.Point),8,-----,-----,-----,0.15795,0,-----,-----,,18,BRN07mar24_019.gcd,3/7/2024 21:38,std 8a,Standard(Calc.Point),8,12.212,"2,861",0.592,0.5411,1,109.5,0.051,,1,,18,153.41,620,,143.38,543,,125.74,487,,151.34,673,,153.41,620,,18,BRN07mar24_019.gcd,3/7/2024 21:38,std 8a,Standard(Calc.Point),8,2.723,"5,034,744",0,950,1,0,-950
19,BRN07mar24_020.gcd,3/7/2024 22:09,std 8b,Standard(Calc.Point),8,6.025,"53,398",0.131,0.15795,1,82.9,-0.027,,19,BRN07mar24_020.gcd,3/7/2024 22:09,std 8b,Standard(Calc.Point),8,-----,-----,-----,0.15795,0,-----,-----,,19,BRN07mar24_020.gcd,3/7/2024 22:09,std 8b,Standard(Calc.Point),8,12.228,"2,561",0.526,0.5411,1,97.2,-0.015,,1,,19,149.66,559,,139.95,486,,122.68,425,,147.57,600,,149.66,559,,19,BRN07mar24_020.gcd,3/7/2024 22:09,std 8b,Standard(Calc.Point),8,2.727,"5,088,947",0,950,1,0,-950
20,BRN07mar24_021.gcd,3/7/2024 22:40,std 9a,Standard(Calc.Point),9,6.018,"105,237",0.262,0.28113,1,93,-0.02,,20,BRN07mar24_021.gcd,3/7/2024 22:40,std 9a,Standard(Calc.Point),9,-----,-----,-----,0.28113,0,-----,-----,,20,BRN07mar24_021.gcd,3/7/2024 22:40,std 9a,Standard(Calc.Point),9,12.226,"3,422",0.716,0.6297,1,113.7,0.086,,1,,20,297.56,735,,275.55,650,,243.73,603,,292.35,808,,297.56,735,,20,BRN07mar24_021.gcd,3/7/2024 22:40,std 9a,Standard(Calc.Point),9,2.716,"5,226,428",0,950,1,0,-950
21,BRN07mar24_022.gcd,3/7/2024 23:10,std 9b,Standard(Calc.Point),9,6.017,"90,903",0.225,0.28113,1,80.2,-0.056,,21,BRN07mar24_022.gcd,3/7/2024 23:10,std 9b,Standard(Calc.Point),9,-----,-----,-----,0.28113,0,-----,-----,,21,BRN07mar24_022.gcd,3/7/2024 23:10,std 9b,Standard(Calc.Point),9,12.219,"2,732",0.564,0.6297,1,89.5,-0.066,,1,,21,256.82,594,,238.12,518,,210.30,461,,253.17,641,,256.82,594,,21,BRN07mar24_022.gcd,3/7/2024 23:10,std 9b,Standard(Calc.Point),9,2.721,"4,976,335",0,950,1,0,-950
22,BRN07mar24_023.gcd,3/7/2024 23:41,std 10a,Standard(Calc.Point),10,6.021,"143,960",0.359,0.40294,1,89.1,-0.044,,22,BRN07mar24_023.gcd,3/7/2024 23:41,std 10a,Standard(Calc.Point),10,5.969,958,0.317,0.40294,1,78.7,-0.086,,22,BRN07mar24_023.gcd,3/7/2024 23:41,std 10a,Standard(Calc.Point),10,12.227,"3,031",0.63,0.7172,1,87.8,-0.087,,1,,22,407.03,655,,376.42,576,,333.88,523,,394.97,714,,407.03,655,,22,BRN07mar24_023.gcd,3/7/2024 23:41,std 10a,Standard(Calc.Point),10,2.724,"5,026,349",0,950,1,0,-950
23,BRN07mar24_024.gcd,3/8/2024 0:12,std 10b,Standard(Calc.Point),10,6.021,"132,547",0.33,0.40294,1,82,-0.073,,23,BRN07mar24_024.gcd,3/8/2024 0:12,std 10b,Standard(Calc.Point),10,-----,-----,-----,0.40294,0,-----,-----,,23,BRN07mar24_024.gcd,3/8/2024 0:12,std 10b,Standard(Calc.Point),10,12.213,"2,432",0.498,0.7172,1,69.4,-0.219,,1,,23,374.86,532,,346.73,461,,307.34,399,,365.21,569,,374.86,532,,23,BRN07mar24_024.gcd,3/8/2024 0:12,std 10b,Standard(Calc.Point),10,2.727,"4,894,213",0,950,1,0,-950
24,BRN07mar24_025.gcd,3/8/2024 0:42,std 11a,Standard(Calc.Point),11,6.018,"195,932",0.49,0.52339,1,93.6,-0.033,,24,BRN07mar24_025.gcd,3/8/2024 0:42,std 11a,Standard(Calc.Point),11,5.97,"1,826",0.573,0.52339,1,109.5,0.05,,24,BRN07mar24_025.gcd,3/8/2024 0:42,std 11a,Standard(Calc.Point),11,12.221,"3,768",0.792,0.8038,1,98.5,-0.012,,1,,24,552.60,806,,511.23,716,,454.49,675,,525.26,891,,552.60,806,,24,BRN07mar24_025.gcd,3/8/2024 0:42,std 11a,Standard(Calc.Point),11,2.723,"4,955,556",0,950,1,0,-950
25,BRN07mar24_026.gcd,3/8/2024 1:13,std 11b,Standard(Calc.Point),11,6.046,"202,790",0.507,0.52339,1,96.9,-0.016,,25,BRN07mar24_026.gcd,3/8/2024 1:13,std 11b,Standard(Calc.Point),11,5.983,"1,252",0.404,0.52339,1,77.2,-0.119,,25,BRN07mar24_026.gcd,3/8/2024 1:13,std 11b,Standard(Calc.Point),11,12.259,"4,671",0.991,0.8038,1,123.2,0.187,,1,,25,591.32,990,,528.97,889,,470.37,861,,546.75,"1,108",,591.32,990,,25,BRN07mar24_026.gcd,3/8/2024 1:13,std 11b,Standard(Calc.Point),11,2.737,"5,569,694",0,950,1,0,-950
26,BRN07mar24_027.gcd,3/8/2024 1:44,std 12a,Standard(Calc.Point),12,6.015,"327,486",0.822,0.94946,1,86.5,-0.128,,26,BRN07mar24_027.gcd,3/8/2024 1:44,std 12a,Standard(Calc.Point),12,5.964,"3,308",1.009,0.94946,1,106.2,0.059,,26,BRN07mar24_027.gcd,3/8/2024 1:44,std 12a,Standard(Calc.Point),12,12.226,"4,461",0.945,1.0917,1,86.5,-0.147,,1,,26,858.14,947,,849.55,849,,757.83,818,,787.43,"1,058",,858.14,947,,26,BRN07mar24_027.gcd,3/8/2024 1:44,std 12a,Standard(Calc.Point),12,2.722,"4,855,615",0,950,1,0,-950
27,BRN07mar24_028.gcd,3/8/2024 2:14,std 12b,Standard(Calc.Point),12,6.018,"339,064",0.851,0.94946,1,89.6,-0.099,,27,BRN07mar24_028.gcd,3/8/2024 2:14,std 12b,Standard(Calc.Point),12,5.962,"2,679",0.824,0.94946,1,86.8,-0.126,,27,BRN07mar24_028.gcd,3/8/2024 2:14,std 12b,Standard(Calc.Point),12,12.222,"5,358",1.142,1.0917,1,104.6,0.05,,1,,27,882.90,"1,131",,879.12,1020,,784.39,1003,,809.75,"1,273",,882.90,"1,131",,27,BRN07mar24_028.gcd,3/8/2024 2:14,std 12b,Standard(Calc.Point),12,2.725,"4,843,494",0,950,1,0,-950
28,BRN07mar24_029.gcd,3/8/2024 2:45,std 13a,Standard(Calc.Point),13,6.013,"1,799,365",4.546,4.23748,1,107.3,0.309,,28,BRN07mar24_029.gcd,3/8/2024 2:45,std 13a,Standard(Calc.Point),13,5.965,"14,001",4.145,4.23748,1,97.8,-0.093,,28,BRN07mar24_029.gcd,3/8/2024 2:45,std 13a,Standard(Calc.Point),13,12.206,"16,155",3.509,3.3915,1,103.5,0.117,,1,,28,3992.97,"3,330",,3872.02,3081,,3682.65,3229,,3584.65,"3,801",,3992.97,"3,330",,28,BRN07mar24_029.gcd,3/8/2024 2:45,std 13a,Standard(Calc.Point),13,2.724,"4,849,602",0,950,1,0,-950
29,BRN07mar24_030.gcd,3/8/2024 3:16,std 13b,Standard(Calc.Point),13,6.016,"1,810,332",4.574,4.23748,1,107.9,0.336,,29,BRN07mar24_030.gcd,3/8/2024 3:16,std 13b,Standard(Calc.Point),13,5.97,"14,302",4.233,4.23748,1,99.9,-0.005,,29,BRN07mar24_030.gcd,3/8/2024 3:16,std 13b,Standard(Calc.Point),13,12.208,"16,509",3.586,3.3915,1,105.7,0.194,,1,,29,4016.22,"3,402",,3949.03,3148,,3756.86,3302,,3605.19,"3,882",,4016.22,"3,402",,29,BRN07mar24_030.gcd,3/8/2024 3:16,std 13b,Standard(Calc.Point),13,2.727,"4,908,043",0,950,1,0,-950
30,BRN07mar24_031.gcd,3/8/2024 3:46,std 14a,Standard(Calc.Point),14,6.014,"3,645,222",9.254,7.48246,1,123.7,1.771,,30,BRN07mar24_031.gcd,3/8/2024 3:46,std 14a,Standard(Calc.Point),14,5.966,"29,755",8.732,7.48246,1,116.7,1.25,,30,BRN07mar24_031.gcd,3/8/2024 3:46,std 14a,Standard(Calc.Point),14,12.197,"28,643",6.227,5.6613,1,110,0.565,,1,,30,7886.33,"5,857",,7897.51,5459,,7562.10,5796,,6978.68,"6,593",,7886.33,"5,857",,30,BRN07mar24_031.gcd,3/8/2024 3:46,std 14a,Standard(Calc.Point),14,2.722,"5,265,302",0,950,1,0,-950
31,BRN07mar24_032.gcd,3/8/2024 4:17,std 14b,Standard(Calc.Point),14,6.01,"3,309,437",8.394,7.48246,1,112.2,0.912,,31,BRN07mar24_032.gcd,3/8/2024 4:17,std 14b,Standard(Calc.Point),14,5.962,"25,241",7.422,7.48246,1,99.2,-0.061,,31,BRN07mar24_032.gcd,3/8/2024 4:17,std 14b,Standard(Calc.Point),14,12.195,"25,444",5.532,5.6613,1,97.7,-0.129,,1,,31,7181.22,"5,211",,6745.11,4851,,6451.50,5139,,6370.69,"5,891",,7181.22,"5,211",,31,BRN07mar24_032.gcd,3/8/2024 4:17,std 14b,Standard(Calc.Point),14,2.726,"4,829,731",0,950,1,0,-950
32,BRN07mar24_033.gcd,3/8/2024 4:48,std 15a,Standard(Calc.Point),15,6.003,"4,958,632",12.629,10.68525,1,118.2,1.944,,32,BRN07mar24_033.gcd,3/8/2024 4:48,std 15a,Standard(Calc.Point),15,5.957,"37,532",10.983,10.68525,1,102.8,0.298,,32,BRN07mar24_033.gcd,3/8/2024 4:48,std 15a,Standard(Calc.Point),15,12.182,"39,718",8.621,7.9015,1,109.1,0.719,,1,,32,10630.90,"8,082",,9881.03,7565,,9473.66,8066,,9316.51,"8,950",,10630.90,"8,082",,32,BRN07mar24_033.gcd,3/8/2024 4:48,std 15a,Standard(Calc.Point),15,2.723,"4,859,255",0,950,1,0,-950
33,BRN07mar24_034.gcd,3/8/2024 5:18,std 15b,Standard(Calc.Point),15,6.004,"4,876,777",12.418,10.68525,1,116.2,1.733,,33,BRN07mar24_034.gcd,3/8/2024 5:18,std 15b,Standard(Calc.Point),15,5.958,"38,584",11.287,10.68525,1,105.6,0.601,,33,BRN07mar24_034.gcd,3/8/2024 5:18,std 15b,Standard(Calc.Point),15,12.179,"38,193",8.292,7.9015,1,104.9,0.391,,1,,33,10460.48,"7,776",,10149.16,7275,,9732.05,7754,,9172.68,"8,632",,10460.48,"7,776",,33,BRN07mar24_034.gcd,3/8/2024 5:18,std 15b,Standard(Calc.Point),15,2.726,"4,792,016",0,950,1,0,-950
34,BRN07mar24_035.gcd,3/8/2024 5:49,std 16a,Standard(Calc.Point),16,5.981,"6,924,005",17.721,13.84666,1,128,3.875,,34,BRN07mar24_035.gcd,3/8/2024 5:49,std 16a,Standard(Calc.Point),16,5.936,"53,575",15.597,13.84666,1,112.6,1.75,,34,BRN07mar24_035.gcd,3/8/2024 5:49,std 16a,Standard(Calc.Point),16,12.149,"52,120",11.283,10.1128,1,111.6,1.17,,1,,34,14697.90,"10,136",,13965.12,9917,,13409.56,10600,,12694.95,"11,022",,14697.90,"10,136",,34,BRN07mar24_035.gcd,3/8/2024 5:49,std 16a,Standard(Calc.Point),16,2.702,"5,070,516",0,950,1,0,-950
35,BRN07mar24_036.gcd,3/8/2024 6:20,std 16b,Standard(Calc.Point),16,5.982,"6,652,063",17.014,13.84666,1,122.9,3.167,,35,BRN07mar24_036.gcd,3/8/2024 6:20,std 16b,Standard(Calc.Point),16,5.936,"50,493",14.714,13.84666,1,106.3,0.867,,35,BRN07mar24_036.gcd,3/8/2024 6:20,std 16b,Standard(Calc.Point),16,12.151,"49,960",10.821,10.1128,1,107,0.708,,1,,35,14138.02,"9,696",,13181.34,9508,,12654.21,10159,,12236.05,"10,496",,14138.02,"9,696",,35,BRN07mar24_036.gcd,3/8/2024 6:20,std 16b,Standard(Calc.Point),16,2.707,"4,876,717",0,950,1,0,-950
36,BRN07mar24_037.gcd,3/8/2024 6:50,std 17a,Standard(Calc.Point),17,5.987,"10,721,625",27.704,22.6583,1,122.3,5.046,,36,BRN07mar24_037.gcd,3/8/2024 6:50,std 17a,Standard(Calc.Point),17,5.944,"80,844",23.354,22.6583,1,103.1,0.696,,36,BRN07mar24_037.gcd,3/8/2024 6:50,std 17a,Standard(Calc.Point),17,12.138,"80,612",17.328,16.2762,1,106.5,1.052,,1,,36,21489.76,"15,923",,20883.33,15303,,20076.69,16393,,19573.77,"17,925",,21489.76,"15,923",,36,BRN07mar24_037.gcd,3/8/2024 6:50,std 17a,Standard(Calc.Point),17,2.727,"4,745,239",0,950,1,0,-950
37,BRN07mar24_038.gcd,3/8/2024 7:21,std 17b,Standard(Calc.Point),17,5.988,"10,641,093",27.491,22.6583,1,121.3,4.832,,37,BRN07mar24_038.gcd,3/8/2024 7:21,std 17b,Standard(Calc.Point),17,5.944,"83,185",24.015,22.6583,1,106,1.357,,37,BRN07mar24_038.gcd,3/8/2024 7:21,std 17b,Standard(Calc.Point),17,12.133,"81,024",17.415,16.2762,1,107,1.139,,1,,37,22126.55,"16,007",,21475.85,15381,,20647.71,16476,,20166.56,"18,024",,22126.55,"16,007",,37,BRN07mar24_038.gcd,3/8/2024 7:21,std 17b,Standard(Calc.Point),17,2.73,"4,708,105",0,950,1,0,-950
38,BRN07mar24_039.gcd,3/8/2024 7:52,std 18a,Standard(Calc.Point),18,5.879,"34,963,756",96.723,79.78397,1,121.2,16.939,,38,BRN07mar24_039.gcd,3/8/2024 7:52,std 18a,Standard(Calc.Point),18,5.853,"337,489",91.739,79.78397,1,115,11.955,,38,BRN07mar24_039.gcd,3/8/2024 7:52,std 18a,Standard(Calc.Point),18,11.921,"312,570",63.339,56.2332,1,112.6,7.105,,1,,38,89277.84,"61,585",,84532.33,58171,,81412.97,62011,,83255.95,"71,651",,89277.84,"61,585",,38,BRN07mar24_039.gcd,3/8/2024 7:52,std 18a,Standard(Calc.Point),18,2.709,"4,735,177",0,950,1,0,-950
39,BRN07mar24_040.gcd,3/8/2024 8:22,std 18b,Standard(Calc.Point),18,5.903,"32,335,044",88.726,79.78397,1,111.2,8.942,,39,BRN07mar24_040.gcd,3/8/2024 8:22,std 18b,Standard(Calc.Point),18,5.877,"307,637",84.167,79.78397,1,105.5,4.383,,39,BRN07mar24_040.gcd,3/8/2024 8:22,std 18b,Standard(Calc.Point),18,11.951,"286,372",58.396,56.2332,1,103.8,2.163,,1,,39,81602.86,"56,557",,77264.79,53417,,74409.77,56997,,75984.08,"65,803",,81602.86,"56,557",,39,BRN07mar24_040.gcd,3/8/2024 8:22,std 18b,Standard(Calc.Point),18,2.736,"4,366,293",0,950,1,0,-950
40,BRN07mar24_042.gcd,3/8/2024 9:24,std 19b,Standard(Calc.Point),19,5.807,"52,062,129",152.773,160.9438,1,94.9,-8.171,,40,BRN07mar24_042.gcd,3/8/2024 9:24,std 19b,Standard(Calc.Point),19,5.792,"634,429",162.649,160.9438,1,101.1,1.705,,40,BRN07mar24_042.gcd,3/8/2024 9:24,std 19b,Standard(Calc.Point),19,11.772,"599,134",114.044,113.0014,1,100.9,1.043,,1,,40,162613.27,"114,425",,154875.52,108714,,149193.75,114577,,153649.04,"131,947",,162613.27,"114,425",,40,BRN07mar24_042.gcd,3/8/2024 9:24,std 19b,Standard(Calc.Point),19,2.752,"3,826,439",0,950,1,0,-950
41,BRN07mar24_041.gcd,3/8/2024 8:53,std 19a,Standard(Calc.Point),19,5.803,"52,881,782",155.666,160.9438,1,96.7,-5.278,,41,BRN07mar24_041.gcd,3/8/2024 8:53,std 19a,Standard(Calc.Point),19,5.786,"631,979",162.093,160.9438,1,100.7,1.149,,41,BRN07mar24_041.gcd,3/8/2024 8:53,std 19a,Standard(Calc.Point),19,11.771,"602,683",114.638,113.0014,1,101.4,1.637,,1,,41,162030.56,"115,054",,154309.61,109323,,148648.49,115201,,153082.66,"132,652",,162030.56,"115,054",,41,BRN07mar24_041.gcd,3/8/2024 8:53,std 19a,Standard(Calc.Point),19,2.748,"3,827,252",0,950,1,0,-950
42,BRN07mar24_043.gcd,3/8/2024 9:54,std 20a,Standard(Calc.Point),20,5.721,"68,154,386",214.274,243.5177,1,88,-29.244,,42,BRN07mar24_043.gcd,3/8/2024 9:54,std 20a,Standard(Calc.Point),20,5.71,"985,172",238.168,243.5177,1,97.8,-5.349,,42,BRN07mar24_043.gcd,3/8/2024 9:54,std 20a,Standard(Calc.Point),20,11.623,"931,712",166.8,170.7585,1,97.7,-3.958,,1,,42,242194.18,"170,801",,233404.98,164024,,224853.27,170328,,232253.34,"193,503",,242194.18,"170,801",,42,BRN07mar24_043.gcd,3/8/2024 9:54,std 20a,Standard(Calc.Point),20,2.766,"3,211,134",0,950,1,0,-950
43,BRN07mar24_044.gcd,3/8/2024 10:25,std 20b,Standard(Calc.Point),20,5.72,"67,686,381",212.321,243.5177,1,87.2,-31.196,,43,BRN07mar24_044.gcd,3/8/2024 10:25,std 20b,Standard(Calc.Point),20,5.709,"982,094",237.537,243.5177,1,97.5,-5.98,,43,BRN07mar24_044.gcd,3/8/2024 10:25,std 20b,Standard(Calc.Point),20,11.621,"942,780",168.465,170.7585,1,98.7,-2.293,,1,,43,241528.98,"172,586",,232737.31,165803,,224210.05,172086,,231584.94,"195,396",,241528.98,"172,586",,43,BRN07mar24_044.gcd,3/8/2024 10:25,std 20b,Standard(Calc.Point),20,2.764,"3,249,012",0,950,1,0,-950
44,BRN07mar24_045.gcd,3/8/2024 10:56,std 21a,Standard(Calc.Point),21,5.653,"81,035,004",273.622,327.5427,1,83.5,-53.92,,44,BRN07mar24_045.gcd,3/8/2024 10:56,std 21a,Standard(Calc.Point),21,5.643,"1,351,211",309.888,327.5427,1,94.6,-17.655,,44,BRN07mar24_045.gcd,3/8/2024 10:56,std 21a,Standard(Calc.Point),21,11.496,"1,275,240",216.238,229.5306,1,94.2,-13.292,,1,,44,317112.16,"223,453",,310093.37,217379,,298727.59,221987,,309038.20,"247,587",,317112.16,"223,453",,44,BRN07mar24_045.gcd,3/8/2024 10:56,std 21a,Standard(Calc.Point),21,2.788,"2,608,645",0,950,1,0,-950
45,BRN07mar24_046.gcd,3/8/2024 11:26,std 21b,Standard(Calc.Point),21,5.625,"81,741,877",277.27,327.5427,1,84.7,-50.273,,45,BRN07mar24_046.gcd,3/8/2024 11:26,std 21b,Standard(Calc.Point),21,5.615,"1,380,609",315.389,327.5427,1,96.3,-12.154,,45,BRN07mar24_046.gcd,3/8/2024 11:26,std 21b,Standard(Calc.Point),21,11.467,"1,308,863",220.851,229.5306,1,96.2,-8.68,,1,,45,322768.74,"228,301",,316019.20,222395,,304435.43,226719,,314972.58,"252,362",,322768.74,"228,301",,45,BRN07mar24_046.gcd,3/8/2024 11:26,std 21b,Standard(Calc.Point),21,2.761,"2,770,657",0,950,1,0,-950
46,BRN07mar24_047.gcd,3/8/2024 11:57,std 22a,Standard(Calc.Point),22,5.458,"113,201,818",0,500.1,1,0,-500.1,,46,BRN07mar24_047.gcd,3/8/2024 11:57,std 22a,Standard(Calc.Point),22,5.45,"2,446,430",495.329,500.1,1,99,-4.771,,46,BRN07mar24_047.gcd,3/8/2024 11:57,std 22a,Standard(Calc.Point),22,11.178,"2,318,353",345.412,349.8,1,98.7,-4.388,,1,,46,491660.64,"348,570",,507431.41,355872,,488749.97,341936,,506776.90,"352,651",,491660.64,"348,570",,46,BRN07mar24_047.gcd,3/8/2024 11:57,std 22a,Standard(Calc.Point),22,2.826,"1,024,955",0,950,1,0,-950
47,BRN07mar24_048.gcd,3/8/2024 12:28,std 22b,Standard(Calc.Point),22,5.478,"117,558,269",0,500.1,1,0,-500.1,,47,BRN07mar24_048.gcd,3/8/2024 12:28,std 22b,Standard(Calc.Point),22,5.47,"2,625,707",522.617,500.1,1,104.5,22.517,,47,BRN07mar24_048.gcd,3/8/2024 12:28,std 22b,Standard(Calc.Point),22,11.185,"2,509,074",366.549,349.8,1,104.8,16.749,,1,,47,513149.45,"365,792",,535148.03,377367,,515426.74,357862,,534575.10,"362,237",,513149.45,"365,792",,47,BRN07mar24_048.gcd,3/8/2024 12:28,std 22b,Standard(Calc.Point),22,2.867,"1,073,989",0,950,1,0,-950
48,CLL20240821_001.gcd,8/21/2024 12:18,QC outside air,Unknown,0,6.05,"2,687",0.003,-----,-----,-----,-----,,48,CLL20240821_001.gcd,8/21/2024 12:18,QC outside air,Unknown,0,-----,-----,-----,-----,-----,-----,-----,,48,CLL20240821_001.gcd,8/21/2024 12:18,QC outside air,Unknown,0,12.226,"2,011",0.405,-----,-----,-----,-----,,1,,48,3.19,446,,3.14,381,,1.49,312,,3.82,467,,3.19,446,,48,CLL20240821_001.gcd,8/21/2024 12:18,QC outside air,Unknown,0,2.701,"5,067,216",0,-----,-----,-----,-----
49,CLL20240821_002.gcd,8/21/2024 12:48,QC spiked air ,Unknown,0,5.993,"1,120,729",2.826,-----,-----,-----,-----,,49,CLL20240821_002.gcd,8/21/2024 12:48,QC spiked air ,Unknown,0,5.945,"9,121",2.716,-----,-----,-----,-----,,49,CLL20240821_002.gcd,8/21/2024 12:48,QC spiked air ,Unknown,0,12.183,"12,041",2.609,-----,-----,-----,-----,,1,,49,2550.93,"2,494",,2623.05,2296,,2478.99,2381,,2304.95,"2,850",,2550.93,"2,494",,49,CLL20240821_002.gcd,8/21/2024 12:48,QC spiked air ,Unknown,0,2.7,"5,070,229",0,-----,-----,-----,-----
50,CLL20240821_003.gcd,8/21/2024 13:19,QC reference tank,Unknown,0,6.029,"3,753",0.006,-----,-----,-----,-----,,50,CLL20240821_003.gcd,8/21/2024 13:19,QC reference tank,Unknown,0,-----,-----,-----,-----,-----,-----,-----,,50,CLL20240821_003.gcd,8/21/2024 13:19,QC reference tank,Unknown,0,-----,-----,-----,-----,-----,-----,-----,,1,,50,6.20,#VALUE!,,6.82,#VALUE!,,3.37,#VALUE!,,2.44,#VALUE!,,6.20,#VALUE!,,50,CLL20240821_003.gcd,8/21/2024 13:19,QC reference tank,Unknown,0,2.7,"5,068,974",0,-----,-----,-----,-----
51,CLL20240821_004.gcd,8/21/2024 13:50,pa-air-240724,Unknown,0,6.039,"2,578",0.003,-----,-----,-----,-----,,51,CLL20240821_004.gcd,8/21/2024 13:50,pa-air-240724,Unknown,0,-----,-----,-----,-----,-----,-----,-----,,51,CLL20240821_004.gcd,8/21/2024 13:50,pa-air-240724,Unknown,0,12.184,"3,574",0.749,-----,-----,-----,-----,,1,,51,2.89,766,,2.76,679,,1.31,635,,4.02,845,,2.89,766,,51,CLL20240821_004.gcd,8/21/2024 13:50,pa-air-240724,Unknown,0,2.699,"5,132,757",0,-----,-----,-----,-----
52,CLL20240821_005.gcd,8/21/2024 14:20,pa-sw-240724,Unknown,0,5.992,"1,315,701",3.319,-----,-----,-----,-----,,52,CLL20240821_005.gcd,8/21/2024 14:20,pa-sw-240724,Unknown,0,5.942,"9,779",2.909,-----,-----,-----,-----,,52,CLL20240821_005.gcd,8/21/2024 14:20,pa-sw-240724,Unknown,0,12.09,"69,002",14.877,-----,-----,-----,-----,,1,,52,2965.81,"13,570",,2791.52,13112,,2641.34,14038,,2674.36,"15,120",,2965.81,"13,570",,52,CLL20240821_005.gcd,8/21/2024 14:20,pa-sw-240724,Unknown,0,2.701,"5,061,553",0,-----,-----,-----,-----
53,CLL20240821_006.gcd,8/21/2024 14:51,to-sw-240724,Unknown,0,6.004,"16,280",0.038,-----,-----,-----,-----,,53,CLL20240821_006.gcd,8/21/2024 14:51,to-sw-240724,Unknown,0,-----,-----,-----,-----,-----,-----,-----,,53,CLL20240821_006.gcd,8/21/2024 14:51,to-sw-240724,Unknown,0,12.133,"32,262",7.011,-----,-----,-----,-----,,1,,53,42.80,"6,586",,42.45,6148,,35.73,6538,,38.70,"7,375",,42.80,"6,586",,53,CLL20240821_006.gcd,8/21/2024 14:51,to-sw-240724,Unknown,0,2.7,"5,127,218",0,-----,-----,-----,-----
54,CLL20240821_007.gcd,8/21/2024 15:21,to-air-240724,Unknown,0,6.048,"2,339",0.002,-----,-----,-----,-----,,54,CLL20240821_007.gcd,8/21/2024 15:21,to-air-240724,Unknown,0,-----,-----,-----,-----,-----,-----,-----,,54,CLL20240821_007.gcd,8/21/2024 15:21,to-air-240724,Unknown,0,12.195,"3,642",0.764,-----,-----,-----,-----,,1,,54,2.24,780,,1.91,692,,0.94,649,,4.53,861,,2.24,780,,54,CLL20240821_007.gcd,8/21/2024 15:21,to-air-240724,Unknown,0,2.702,"5,123,276",0,-----,-----,-----,-----
55,CLL20240821_008.gcd,8/21/2024 15:52,pa-sw-240724,Unknown,0,5.995,"995,318",2.508,-----,-----,-----,-----,,55,CLL20240821_008.gcd,8/21/2024 15:52,pa-sw-240724,Unknown,0,5.949,"8,981",2.675,-----,-----,-----,-----,,55,CLL20240821_008.gcd,8/21/2024 15:52,pa-sw-240724,Unknown,0,12.087,"66,731",14.396,-----,-----,-----,-----,,1,,55,2283.82,"13,109",,2587.21,12683,,2444.44,13576,,2066.59,"14,570",,2283.82,"13,109",,55,CLL20240821_008.gcd,8/21/2024 15:52,pa-sw-240724,Unknown,0,2.707,"4,877,709",0,-----,-----,-----,-----
56,CLL20240821_009.gcd,8/21/2024 16:22,to-sw-240724,Unknown,0,6.007,"14,959",0.034,-----,-----,-----,-----,,56,CLL20240821_009.gcd,8/21/2024 16:22,to-sw-240724,Unknown,0,-----,-----,-----,-----,-----,-----,-----,,56,CLL20240821_009.gcd,8/21/2024 16:22,to-sw-240724,Unknown,0,12.144,"25,252",5.491,-----,-----,-----,-----,,1,,56,38.98,"5,173",,38.98,4814,,32.64,5100,,34.75,"5,849",,38.98,"5,173",,56,CLL20240821_009.gcd,8/21/2024 16:22,to-sw-240724,Unknown,0,2.707,"4,958,496",0,-----,-----,-----,-----
57,CLL20240821_010.gcd,8/21/2024 16:53,pa-air-240724,Unknown,0,6.058,"2,154",0.002,-----,-----,-----,-----,,57,CLL20240821_010.gcd,8/21/2024 16:53,pa-air-240724,Unknown,0,-----,-----,-----,-----,-----,-----,-----,,57,CLL20240821_010.gcd,8/21/2024 16:53,pa-air-240724,Unknown,0,12.225,"2,616",0.538,-----,-----,-----,-----,,1,,57,1.74,570,,1.25,496,,0.67,437,,4.96,613,,1.74,570,,57,CLL20240821_010.gcd,8/21/2024 16:53,pa-air-240724,Unknown,0,2.716,"4,926,816",0,-----,-----,-----,-----
58,CLL20240821_011.gcd,8/21/2024 17:23,to-air-240724,Unknown,0,6.05,"2,255",0.002,-----,-----,-----,-----,,58,CLL20240821_011.gcd,8/21/2024 17:23,to-air-240724,Unknown,0,-----,-----,-----,-----,-----,-----,-----,,58,CLL20240821_011.gcd,8/21/2024 17:23,to-air-240724,Unknown,0,12.196,"3,988",0.841,-----,-----,-----,-----,,1,,58,2.01,851,,1.61,758,,0.82,720,,4.72,944,,2.01,851,,58,CLL20240821_011.gcd,8/21/2024 17:23,to-air-240724,Unknown,0,2.706,"4,974,549",0,-----,-----,-----,-----
59,CLL20240821_012.gcd,8/21/2024 17:54,pa-sw-240724,Unknown,0,6.002,"1,369,241",3.455,-----,-----,-----,-----,,59,CLL20240821_012.gcd,8/21/2024 17:54,pa-sw-240724,Unknown,0,5.957,"13,356",3.956,-----,-----,-----,-----,,59,CLL20240821_012.gcd,8/21/2024 17:54,pa-sw-240724,Unknown,0,12.12,"53,980",11.681,-----,-----,-----,-----,,1,,59,3079.66,"10,515",,3707.00,10270,,3523.61,10980,,2775.56,"11,475",,3079.66,"10,515",,59,CLL20240821_012.gcd,8/21/2024 17:54,pa-sw-240724,Unknown,0,2.713,"4,957,415",0,-----,-----,-----,-----
60,CLL20240821_013.gcd,8/21/2024 18:25,to-air-240724,Unknown,0,6.048,"2,217",0.002,-----,-----,-----,-----,,60,CLL20240821_013.gcd,8/21/2024 18:25,to-air-240724,Unknown,0,-----,-----,-----,-----,-----,-----,-----,,60,CLL20240821_013.gcd,8/21/2024 18:25,to-air-240724,Unknown,0,12.196,"3,757",0.79,-----,-----,-----,-----,,1,,60,1.91,803,,1.48,714,,0.76,673,,4.81,889,,1.91,803,,60,CLL20240821_013.gcd,8/21/2024 18:25,to-air-240724,Unknown,0,2.707,"4,992,256",0,-----,-----,-----,-----
61,CLL20240821_014.gcd,8/21/2024 18:55,to-sw-240724,Unknown,0,6.007,"15,385",0.035,-----,-----,-----,-----,,61,CLL20240821_014.gcd,8/21/2024 18:55,to-sw-240724,Unknown,0,-----,-----,-----,-----,-----,-----,-----,,61,CLL20240821_014.gcd,8/21/2024 18:55,to-sw-240724,Unknown,0,12.143,"26,664",5.797,-----,-----,-----,-----,,1,,61,40.21,"5,458",,40.10,5083,,33.63,5390,,36.02,"6,160",,40.21,"5,458",,61,CLL20240821_014.gcd,8/21/2024 18:55,to-sw-240724,Unknown,0,2.708,"4,974,044",0,-----,-----,-----,-----
62,CLL20240821_015.gcd,8/21/2024 19:26,pa-air-240724,Unknown,0,6.052,"2,586",0.003,-----,-----,-----,-----,,62,CLL20240821_015.gcd,8/21/2024 19:26,pa-air-240724,Unknown,0,-----,-----,-----,-----,-----,-----,-----,,62,CLL20240821_015.gcd,8/21/2024 19:26,pa-air-240724,Unknown,0,12.17,"5,650",1.206,-----,-----,-----,-----,,1,,62,2.91,"1,190",,2.78,1076,,1.33,1063,,4.01,"1,342",,2.91,"1,190",,62,CLL20240821_015.gcd,8/21/2024 19:26,pa-air-240724,Unknown,0,2.703,"5,200,116",0,-----,-----,-----,-----
63,CLL20240821_016.gcd,8/21/2024 19:56,TO-T3-0b,Unknown,0,6.004,"27,207",0.065,-----,-----,-----,-----,,63,CLL20240821_016.gcd,8/21/2024 19:56,TO-T3-0b,Unknown,0,-----,-----,-----,-----,-----,-----,-----,,63,CLL20240821_016.gcd,8/21/2024 19:56,TO-T3-0b,Unknown,0,12.139,"20,325",4.419,-----,-----,-----,-----,,1,,63,74.34,"4,176",,71.19,3876,,61.35,4087,,71.20,"4,749",,74.34,"4,176",,63,CLL20240821_016.gcd,8/21/2024 19:56,TO-T3-0b,Unknown,0,2.703,"5,188,262",0,-----,-----,-----,-----
64,CLL20240821_017.gcd,8/21/2024 20:27,TO-T1-0b,Unknown,0,6.02,"7,006",0.014,-----,-----,-----,-----,,64,CLL20240821_017.gcd,8/21/2024 20:27,TO-T1-0b,Unknown,0,-----,-----,-----,-----,-----,-----,-----,,64,CLL20240821_017.gcd,8/21/2024 20:27,TO-T1-0b,Unknown,0,12.158,"26,982",5.867,-----,-----,-----,-----,,1,,64,16.18,"5,522",,17.22,5143,,11.18,5455,,5.84,"6,230",,16.18,"5,522",,64,CLL20240821_017.gcd,8/21/2024 20:27,TO-T1-0b,Unknown,0,2.716,"4,927,974",0,-----,-----,-----,-----
65,CLL20240821_018.gcd,8/21/2024 20:57,PA-T1-0c,Unknown,0,5.999,"70,403",0.174,-----,-----,-----,-----,,65,CLL20240821_018.gcd,8/21/2024 20:57,PA-T1-0c,Unknown,0,-----,-----,-----,-----,-----,-----,-----,,65,CLL20240821_018.gcd,8/21/2024 20:57,PA-T1-0c,Unknown,0,12.127,"36,244",7.871,-----,-----,-----,-----,,1,,65,198.35,"7,386",,184.50,6905,,162.44,7354,,196.00,"8,223",,198.35,"7,386",,65,CLL20240821_018.gcd,8/21/2024 20:57,PA-T1-0c,Unknown,0,2.7,"5,102,018",0,-----,-----,-----,-----
66,CLL20240821_019.gcd,8/21/2024 21:28,TO-T2-0c,Unknown,0,6.009,"10,338",0.023,-----,-----,-----,-----,,66,CLL20240821_019.gcd,8/21/2024 21:28,TO-T2-0c,Unknown,0,-----,-----,-----,-----,-----,-----,-----,,66,CLL20240821_019.gcd,8/21/2024 21:28,TO-T2-0c,Unknown,0,12.141,"19,728",4.288,-----,-----,-----,-----,,1,,66,25.62,"4,055",,26.82,3762,,21.80,3964,,20.87,"4,614",,25.62,"4,055",,66,CLL20240821_019.gcd,8/21/2024 21:28,TO-T2-0c,Unknown,0,2.7,"5,121,994",0,-----,-----,-----,-----
67,CLL20240821_020.gcd,8/21/2024 21:58,PA-T2-0b,Unknown,0,6.006,"73,503",0.182,-----,-----,-----,-----,,67,CLL20240821_020.gcd,8/21/2024 21:58,PA-T2-0b,Unknown,0,-----,-----,-----,-----,-----,-----,-----,,67,CLL20240821_020.gcd,8/21/2024 21:58,PA-T2-0b,Unknown,0,12.133,"32,129",6.982,-----,-----,-----,-----,,1,,67,207.20,"6,559",,192.62,6122,,169.68,6511,,204.73,"7,347",,207.20,"6,559",,67,CLL20240821_020.gcd,8/21/2024 21:58,PA-T2-0b,Unknown,0,2.712,"4,926,236",0,-----,-----,-----,-----
68,CLL20240821_021.gcd,8/21/2024 22:29,PA-T2-0c,Unknown,0,6,"51,531",0.126,-----,-----,-----,-----,,68,CLL20240821_021.gcd,8/21/2024 22:29,PA-T2-0c,Unknown,0,-----,-----,-----,-----,-----,-----,-----,,68,CLL20240821_021.gcd,8/21/2024 22:29,PA-T2-0c,Unknown,0,12.12,"41,142",8.927,-----,-----,-----,-----,,1,,68,144.30,"8,367",,135.05,7835,,118.31,8357,,142.20,"9,245",,144.30,"8,367",,68,CLL20240821_021.gcd,8/21/2024 22:29,PA-T2-0c,Unknown,0,2.701,"5,100,038",0,-----,-----,-----,-----
69,CLL20240821_022.gcd,8/21/2024 22:59,PA-T1-0b,Unknown,0,5.998,"69,334",0.171,-----,-----,-----,-----,,69,CLL20240821_022.gcd,8/21/2024 22:59,PA-T1-0b,Unknown,0,-----,-----,-----,-----,-----,-----,-----,,69,CLL20240821_022.gcd,8/21/2024 22:59,PA-T1-0b,Unknown,0,12.124,"34,935",7.589,-----,-----,-----,-----,,1,,69,195.29,"7,123",,181.70,6656,,159.94,7086,,192.98,"7,946",,195.29,"7,123",,69,CLL20240821_022.gcd,8/21/2024 22:59,PA-T1-0b,Unknown,0,2.7,"5,103,123",0,-----,-----,-----,-----
70,CLL20240821_023.gcd,8/21/2024 23:30,TO-T3-0c,Unknown,0,6.009,"7,719",0.016,-----,-----,-----,-----,,70,CLL20240821_023.gcd,8/21/2024 23:30,TO-T3-0c,Unknown,0,-----,-----,-----,-----,-----,-----,-----,,70,CLL20240821_023.gcd,8/21/2024 23:30,TO-T3-0c,Unknown,0,12.139,"17,506",3.804,-----,-----,-----,-----,,1,,70,18.53,"3,605",,19.34,3338,,13.30,3507,,8.11,"4,110",,18.53,"3,605",,70,CLL20240821_023.gcd,8/21/2024 23:30,TO-T3-0c,Unknown,0,2.7,"5,136,910",0,-----,-----,-----,-----
71,CLL20240821_024.gcd,8/22/2024 0:01,PA-T1-0a,Unknown,0,5.998,"60,500",0.149,-----,-----,-----,-----,,71,CLL20240821_024.gcd,8/22/2024 0:01,PA-T1-0a,Unknown,0,-----,-----,-----,-----,-----,-----,-----,,71,CLL20240821_024.gcd,8/22/2024 0:01,PA-T1-0a,Unknown,0,12.116,"46,897",10.164,-----,-----,-----,-----,,1,,71,170.01,"9,071",,158.56,8927,,139.29,9534,,167.91,"9,749",,170.01,"9,071",,71,CLL20240821_024.gcd,8/22/2024 0:01,PA-T1-0a,Unknown,0,2.7,"5,121,026",0,-----,-----,-----,-----
72,CLL20240821_025.gcd,8/22/2024 0:31,TO-T3-0a,Unknown,0,6.014,"10,170",0.022,-----,-----,-----,-----,,72,CLL20240821_025.gcd,8/22/2024 0:31,TO-T3-0a,Unknown,0,-----,-----,-----,-----,-----,-----,-----,,72,CLL20240821_025.gcd,8/22/2024 0:31,TO-T3-0a,Unknown,0,12.149,"21,160",4.601,-----,-----,-----,-----,,1,,72,25.13,"4,345",,26.37,4035,,21.40,4259,,20.36,"4,937",,25.13,"4,345",,72,CLL20240821_025.gcd,8/22/2024 0:31,TO-T3-0a,Unknown,0,2.716,"4,848,775",0,-----,-----,-----,-----
73,CLL20240821_026.gcd,8/22/2024 1:02,TO-T1-0c,Unknown,0,6.006,"10,488",0.023,-----,-----,-----,-----,,73,CLL20240821_026.gcd,8/22/2024 1:02,TO-T1-0c,Unknown,0,-----,-----,-----,-----,-----,-----,-----,,73,CLL20240821_026.gcd,8/22/2024 1:02,TO-T1-0c,Unknown,0,12.141,"16,907",3.673,-----,-----,-----,-----,,1,,73,26.05,"3,483",,27.21,3224,,22.15,3384,,21.32,"3,973",,26.05,"3,483",,73,CLL20240821_026.gcd,8/22/2024 1:02,TO-T1-0c,Unknown,0,2.7,"5,114,911",0,-----,-----,-----,-----
74,CLL20240821_027.gcd,8/22/2024 1:32,PA-T3-0a,Unknown,0,6.001,"28,270",0.068,-----,-----,-----,-----,,74,CLL20240821_027.gcd,8/22/2024 1:32,PA-T3-0a,Unknown,0,-----,-----,-----,-----,-----,-----,-----,,74,CLL20240821_027.gcd,8/22/2024 1:32,PA-T3-0a,Unknown,0,12.131,"35,959",7.81,-----,-----,-----,-----,,1,,74,77.40,"7,328",,73.98,6850,,63.84,7296,,74.35,"8,163",,77.40,"7,328",,74,CLL20240821_027.gcd,8/22/2024 1:32,PA-T3-0a,Unknown,0,2.7,"5,105,466",0,-----,-----,-----,-----
75,CLL20240821_028.gcd,8/22/2024 2:03,PA-T3-0b,Unknown,0,6.004,"13,162",0.03,-----,-----,-----,-----,,75,CLL20240821_028.gcd,8/22/2024 2:03,PA-T3-0b,Unknown,0,-----,-----,-----,-----,-----,-----,-----,,75,CLL20240821_028.gcd,8/22/2024 2:03,PA-T3-0b,Unknown,0,12.123,"35,167",7.639,-----,-----,-----,-----,,1,,75,33.79,"7,169",,34.25,6700,,28.42,7134,,29.36,"7,995",,33.79,"7,169",,75,CLL20240821_028.gcd,8/22/2024 2:03,PA-T3-0b,Unknown,0,2.701,"5,085,296",0,-----,-----,-----,-----
76,CLL20240821_029.gcd,8/22/2024 2:33,PA-T3-0c,Unknown,0,6.001,"23,001",0.054,-----,-----,-----,-----,,76,CLL20240821_029.gcd,8/22/2024 2:33,PA-T3-0c,Unknown,0,-----,-----,-----,-----,-----,-----,-----,,76,CLL20240821_029.gcd,8/22/2024 2:33,PA-T3-0c,Unknown,0,12.128,"32,281",7.015,-----,-----,-----,-----,,1,,76,62.21,"6,589",,60.13,6151,,51.49,6542,,58.74,"7,380",,62.21,"6,589",,76,CLL20240821_029.gcd,8/22/2024 2:33,PA-T3-0c,Unknown,0,2.701,"5,079,953",0,-----,-----,-----,-----
77,CLL20240821_030.gcd,8/22/2024 3:04,TO-T2-0b,Unknown,0,6.012,"7,232",0.015,-----,-----,-----,-----,,77,CLL20240821_030.gcd,8/22/2024 3:04,TO-T2-0b,Unknown,0,-----,-----,-----,-----,-----,-----,-----,,77,CLL20240821_030.gcd,8/22/2024 3:04,TO-T2-0b,Unknown,0,12.126,"19,741",4.291,-----,-----,-----,-----,,1,,77,16.92,"4,058",,17.90,3764,,11.83,3967,,6.50,"4,617",,16.92,"4,058",,77,CLL20240821_030.gcd,8/22/2024 3:04,TO-T2-0b,Unknown,0,2.702,"5,077,056",0,-----,-----,-----,-----
78,CLL20240821_031.gcd,8/22/2024 3:34,PA-T2-0a,Unknown,0,6,"23,383",0.055,-----,-----,-----,-----,,78,CLL20240821_031.gcd,8/22/2024 3:34,PA-T2-0a,Unknown,0,-----,-----,-----,-----,-----,-----,-----,,78,CLL20240821_031.gcd,8/22/2024 3:34,PA-T2-0a,Unknown,0,12.124,"35,083",7.621,-----,-----,-----,-----,,1,,78,63.31,"7,153",,61.14,6684,,52.39,7117,,59.87,"7,977",,63.31,"7,153",,78,CLL20240821_031.gcd,8/22/2024 3:34,PA-T2-0a,Unknown,0,2.7,"5,100,298",0,-----,-----,-----,-----
79,CLL20240821_032.gcd,8/22/2024 4:05,TO-T2-0a,Unknown,0,6.003,"12,432",0.028,-----,-----,-----,-----,,79,CLL20240821_032.gcd,8/22/2024 4:05,TO-T2-0a,Unknown,0,-----,-----,-----,-----,-----,-----,-----,,79,CLL20240821_032.gcd,8/22/2024 4:05,TO-T2-0a,Unknown,0,12.129,"18,809",4.088,-----,-----,-----,-----,,1,,79,31.67,"3,869",,32.33,3587,,26.71,3775,,27.17,"4,406",,31.67,"3,869",,79,CLL20240821_032.gcd,8/22/2024 4:05,TO-T2-0a,Unknown,0,2.698,"5,171,278",0,-----,-----,-----,-----
80,CLL20240821_033.gcd,8/22/2024 4:35,TO-T1-0a,Unknown,0,6.005,"9,789",0.021,-----,-----,-----,-----,,80,CLL20240821_033.gcd,8/22/2024 4:35,TO-T1-0a,Unknown,0,-----,-----,-----,-----,-----,-----,-----,,80,CLL20240821_033.gcd,8/22/2024 4:35,TO-T1-0a,Unknown,0,12.132,"25,313",5.504,-----,-----,-----,-----,,1,,80,25.68,"5,185",,25.16,4826,,20.29,5112,,17.82,"5,862",,25.68,"5,185",,80,CLL20240821_033.gcd,8/22/2024 4:35,TO-T1-0a,Unknown,0,2.696,"5,240,218",0,-----,-----,-----,-----
81,CLL20240821_034.gcd,8/22/2024 5:06,day 0 capped air,Unknown,0,6.053,"2,036",0.002,-----,-----,-----,-----,,81,CLL20240821_034.gcd,8/22/2024 5:06,day 0 capped air,Unknown,0,-----,-----,-----,-----,-----,-----,-----,,81,CLL20240821_034.gcd,8/22/2024 5:06,day 0 capped air,Unknown,0,12.198,"2,459",0.504,-----,-----,-----,-----,,1,,80,1.42,538,,0.83,466,,0.50,404,,5.26,576,,1.42,538,,81,CLL20240821_034.gcd,8/22/2024 5:06,day 0 capped air,Unknown,0,2.717,"4,862,985",0,-----,-----,-----,-----
82,CLL20240821_035.gcd,8/22/2024 5:36,day 0 capped air,Unknown,0,6.056,"2,082",0.002,-----,-----,-----,-----,,82,CLL20240821_035.gcd,8/22/2024 5:36,day 0 capped air,Unknown,0,-----,-----,-----,-----,-----,-----,-----,,82,CLL20240821_035.gcd,8/22/2024 5:36,day 0 capped air,Unknown,0,12.198,"2,863",0.593,-----,-----,-----,-----,,1,,80,1.54,621,,0.99,543,,0.56,488,,5.14,673,,1.54,621,,82,CLL20240821_035.gcd,8/22/2024 5:36,day 0 capped air,Unknown,0,2.699,"5,158,769",0,-----,-----,-----,-----
83,CLL20240821_036.gcd,8/22/2024 6:07,day 0 capped air,Unknown,0,6.049,"1,909",0.001,-----,-----,-----,-----,,83,CLL20240821_036.gcd,8/22/2024 6:07,day 0 capped air,Unknown,0,-----,-----,-----,-----,-----,-----,-----,,83,CLL20240821_036.gcd,8/22/2024 6:07,day 0 capped air,Unknown,0,12.199,"3,059",0.636,-----,-----,-----,-----,,1,,80,1.08,661,,0.37,581,,0.32,528,,5.59,720,,1.08,661,,83,CLL20240821_036.gcd,8/22/2024 6:07,day 0 capped air,Unknown,0,2.699,"5,124,054",0,-----,-----,-----,-----
84,CLL20240821_037.gcd,8/22/2024 6:37,TO-T1-1c,Unknown,0,5.995,"279,760",0.701,-----,-----,-----,-----,,84,CLL20240821_037.gcd,8/22/2024 6:37,TO-T1-1c,Unknown,0,5.96,"2,662",0.819,-----,-----,-----,-----,,84,CLL20240821_037.gcd,8/22/2024 6:37,TO-T1-1c,Unknown,0,12.127,"31,762",6.903,-----,-----,-----,-----,,1,,80,756.04,"6,485",,727.29,6053,,648.10,6436,,695.38,"7,268",,756.04,"6,485",,84,CLL20240821_037.gcd,8/22/2024 6:37,TO-T1-1c,Unknown,0,2.699,"5,081,159",0,-----,-----,-----,-----
85,CLL20240821_038.gcd,8/22/2024 7:08,TO-T3-1c,Unknown,0,5.995,"107,461",0.267,-----,-----,-----,-----,,85,CLL20240821_038.gcd,8/22/2024 7:08,TO-T3-1c,Unknown,0,-----,-----,-----,-----,-----,-----,-----,,85,CLL20240821_038.gcd,8/22/2024 7:08,TO-T3-1c,Unknown,0,12.13,"32,754",7.117,-----,-----,-----,-----,,1,,80,303.87,"6,685",,281.35,6241,,248.92,6639,,298.37,"7,481",,303.87,"6,685",,85,CLL20240821_038.gcd,8/22/2024 7:08,TO-T3-1c,Unknown,0,2.698,"5,053,295",0,-----,-----,-----,-----
86,CLL20240821_039.gcd,8/22/2024 7:39,TO-T2-1c,Unknown,0,6.007,"145,071",0.362,-----,-----,-----,-----,,86,CLL20240821_039.gcd,8/22/2024 7:39,TO-T2-1c,Unknown,0,5.957,"1,228",0.397,-----,-----,-----,-----,,86,CLL20240821_039.gcd,8/22/2024 7:39,TO-T2-1c,Unknown,0,12.171,"26,184",5.693,-----,-----,-----,-----,,1,,80,410.16,"5,361",,379.31,4991,,336.46,5291,,397.84,"6,054",,410.16,"5,361",,86,CLL20240821_039.gcd,8/22/2024 7:39,TO-T2-1c,Unknown,0,2.718,"4,766,385",0,-----,-----,-----,-----
87,CLL20240821_040.gcd,8/22/2024 8:09,TO-T1-1b,Unknown,0,6.005,"229,531",0.575,-----,-----,-----,-----,,87,CLL20240821_040.gcd,8/22/2024 8:09,TO-T1-1b,Unknown,0,5.95,"2,006",0.626,-----,-----,-----,-----,,87,CLL20240821_040.gcd,8/22/2024 8:09,TO-T1-1b,Unknown,0,12.169,"28,612",6.22,-----,-----,-----,-----,,1,,80,648.56,"5,851",,598.03,5453,,532.23,5790,,598.41,"6,586",,648.56,"5,851",,87,CLL20240821_040.gcd,8/22/2024 8:09,TO-T1-1b,Unknown,0,2.716,"4,821,972",0,-----,-----,-----,-----
88,CLL20240821_041.gcd,8/22/2024 8:40,PA-T2-1b,Unknown,0,6.02,"4,782",0.009,-----,-----,-----,-----,,88,CLL20240821_041.gcd,8/22/2024 8:40,PA-T2-1b,Unknown,0,-----,-----,-----,-----,-----,-----,-----,,88,CLL20240821_041.gcd,8/22/2024 8:40,PA-T2-1b,Unknown,0,12.113,"42,164",9.147,-----,-----,-----,-----,,1,,80,9.23,"8,571",,10.24,8029,,5.51,8566,,2.28,"9,455",,9.23,"8,571",,88,CLL20240821_041.gcd,8/22/2024 8:40,PA-T2-1b,Unknown,0,2.695,"5,193,228",0,-----,-----,-----,-----
89,CLL20240821_042.gcd,8/22/2024 9:10,TO-T2-1a,Unknown,0,6.004,"171,967",0.43,-----,-----,-----,-----,,89,CLL20240821_042.gcd,8/22/2024 9:10,TO-T2-1a,Unknown,0,5.953,"1,582",0.501,-----,-----,-----,-----,,89,CLL20240821_042.gcd,8/22/2024 9:10,TO-T2-1a,Unknown,0,12.138,"32,617",7.088,-----,-----,-----,-----,,1,,80,485.67,"6,657",,449.15,6215,,398.93,6611,,466.24,"7,452",,485.67,"6,657",,89,CLL20240821_042.gcd,8/22/2024 9:10,TO-T2-1a,Unknown,0,2.71,"5,009,452",0,-----,-----,-----,-----
90,CLL20240821_043.gcd,8/22/2024 9:41,TO-T2-1b,Unknown,0,5.994,"99,792",0.248,-----,-----,-----,-----,,90,CLL20240821_043.gcd,8/22/2024 9:41,TO-T2-1b,Unknown,0,-----,-----,-----,-----,-----,-----,-----,,90,CLL20240821_043.gcd,8/22/2024 9:41,TO-T2-1b,Unknown,0,12.127,"32,656",7.096,-----,-----,-----,-----,,1,,80,282.10,"6,665",,261.34,6223,,231.04,6619,,277.54,"7,460",,282.10,"6,665",,90,CLL20240821_043.gcd,8/22/2024 9:41,TO-T2-1b,Unknown,0,2.702,"4,898,911",0,-----,-----,-----,-----
91,CLL20240821_044.gcd,8/22/2024 10:11,PA-T3-1c,Unknown,0,6,"19,941",0.047,-----,-----,-----,-----,,91,CLL20240821_044.gcd,8/22/2024 10:11,PA-T3-1c,Unknown,0,-----,-----,-----,-----,-----,-----,-----,,91,CLL20240821_044.gcd,8/22/2024 10:11,PA-T3-1c,Unknown,0,12.13,"29,682",6.452,-----,-----,-----,-----,,1,,80,53.37,"6,066",,52.09,5657,,44.32,6009,,49.63,"6,819",,53.37,"6,066",,91,CLL20240821_044.gcd,8/22/2024 10:11,PA-T3-1c,Unknown,0,2.695,"5,168,029",0,-----,-----,-----,-----
92,CLL20240821_045.gcd,8/22/2024 10:42,PA-T2-1a,Unknown,0,5.996,"41,698",0.102,-----,-----,-----,-----,,92,CLL20240821_045.gcd,8/22/2024 10:42,PA-T2-1a,Unknown,0,-----,-----,-----,-----,-----,-----,-----,,92,CLL20240821_045.gcd,8/22/2024 10:42,PA-T2-1a,Unknown,0,12.102,"44,933",9.743,-----,-----,-----,-----,,1,,80,116.06,"9,125",,109.25,8555,,95.30,9132,,113.73,"10,021",,116.06,"9,125",,92,CLL20240821_045.gcd,8/22/2024 10:42,PA-T2-1a,Unknown,0,2.696,"5,077,259",0,-----,-----,-----,-----
93,CLL20240821_046.gcd,8/22/2024 11:12,PA-T2-1c,Unknown,0,5.999,"24,232",0.058,-----,-----,-----,-----,,93,CLL20240821_046.gcd,8/22/2024 11:12,PA-T2-1c,Unknown,0,-----,-----,-----,-----,-----,-----,-----,,93,CLL20240821_046.gcd,8/22/2024 11:12,PA-T2-1c,Unknown,0,12.148,"38,580",8.375,-----,-----,-----,-----,,1,,80,65.76,"7,854",,63.37,7348,,54.38,7833,,62.39,"8,713",,65.76,"7,854",,93,CLL20240821_046.gcd,8/22/2024 11:12,PA-T2-1c,Unknown,0,2.7,"5,051,797",0,-----,-----,-----,-----
94,CLL20240821_047.gcd,8/22/2024 11:43,PA-T1-1b,Unknown,0,5.994,"93,105",0.231,-----,-----,-----,-----,,94,CLL20240821_047.gcd,8/22/2024 11:43,PA-T1-1b,Unknown,0,-----,-----,-----,-----,-----,-----,-----,,94,CLL20240821_047.gcd,8/22/2024 11:43,PA-T1-1b,Unknown,0,12.135,"45,063",9.771,-----,-----,-----,-----,,1,,80,263.09,"8,697",,243.87,8579,,215.44,9159,,259.23,"9,302",,263.09,"8,697",,94,CLL20240821_047.gcd,8/22/2024 11:43,PA-T1-1b,Unknown,0,2.695,"5,182,471",0,-----,-----,-----,-----
95,CLL20240821_048.gcd,8/22/2024 12:14,TO-T3-1b,Unknown,0,5.993,"93,077",0.231,-----,-----,-----,-----,,95,CLL20240821_048.gcd,8/22/2024 12:14,TO-T3-1b,Unknown,0,-----,-----,-----,-----,-----,-----,-----,,95,CLL20240821_048.gcd,8/22/2024 12:14,TO-T3-1b,Unknown,0,12.117,"37,283",8.096,-----,-----,-----,-----,,1,,80,263.01,"7,594",,243.80,7102,,215.38,7567,,259.15,"8,441",,263.01,"7,594",,95,CLL20240821_048.gcd,8/22/2024 12:14,TO-T3-1b,Unknown,0,2.693,"5,212,998",0,-----,-----,-----,-----
96,CLL20240821_049.gcd,8/22/2024 12:44,PA-T1-1c,Unknown,0,5.995,"66,765",0.165,-----,-----,-----,-----,,96,CLL20240821_049.gcd,8/22/2024 12:44,PA-T1-1c,Unknown,0,-----,-----,-----,-----,-----,-----,-----,,96,CLL20240821_049.gcd,8/22/2024 12:44,PA-T1-1c,Unknown,0,12.109,"48,664",10.543,-----,-----,-----,-----,,1,,80,187.94,"9,432",,174.98,9262,,153.94,9895,,185.72,"10,180",,187.94,"9,432",,96,CLL20240821_049.gcd,8/22/2024 12:44,PA-T1-1c,Unknown,0,2.695,"5,166,834",0,-----,-----,-----,-----
97,CLL20240821_050.gcd,8/22/2024 13:15,PA-T3-1a,Unknown,0,6.02,"5,275",0.01,-----,-----,-----,-----,,97,CLL20240821_050.gcd,8/22/2024 13:15,PA-T3-1a,Unknown,0,-----,-----,-----,-----,-----,-----,-----,,97,CLL20240821_050.gcd,8/22/2024 13:15,PA-T3-1a,Unknown,0,12.122,"36,196",7.861,-----,-----,-----,-----,,1,,80,10.72,"7,376",,11.84,6896,,6.64,7345,,2.61,"8,213",,10.72,"7,376",,97,CLL20240821_050.gcd,8/22/2024 13:15,PA-T3-1a,Unknown,0,2.695,"5,152,987",0,-----,-----,-----,-----
98,CLL20240821_051.gcd,8/22/2024 13:45,TO-T1-1a,Unknown,0,5.993,"155,111",0.387,-----,-----,-----,-----,,98,CLL20240821_051.gcd,8/22/2024 13:45,TO-T1-1a,Unknown,0,-----,-----,-----,-----,-----,-----,-----,,98,CLL20240821_051.gcd,8/22/2024 13:45,TO-T1-1a,Unknown,0,12.127,"26,945",5.858,-----,-----,-----,-----,,1,,80,438.40,"5,514",,405.40,5136,,359.79,5447,,423.64,"6,222",,438.40,"5,514",,98,CLL20240821_051.gcd,8/22/2024 13:45,TO-T1-1a,Unknown,0,2.695,"5,134,821",0,-----,-----,-----,-----
99,CLL20240821_052.gcd,8/22/2024 14:16,PA-T3-1b,Unknown,0,6,"17,249",0.04,-----,-----,-----,-----,,99,CLL20240821_052.gcd,8/22/2024 14:16,PA-T3-1b,Unknown,0,-----,-----,-----,-----,-----,-----,-----,,99,CLL20240821_052.gcd,8/22/2024 14:16,PA-T3-1b,Unknown,0,12.146,"39,838",8.647,-----,-----,-----,-----,,1,,80,45.60,"8,106",,45.00,7587,,38.01,8090,,41.60,"8,975",,45.60,"8,106",,99,CLL20240821_052.gcd,8/22/2024 14:16,PA-T3-1b,Unknown,0,2.695,"5,187,028",0,-----,-----,-----,-----
100,CLL20240821_053.gcd,8/22/2024 14:46,PA-T1-1a,Unknown,0,5.996,"49,715",0.122,-----,-----,-----,-----,,100,CLL20240821_053.gcd,8/22/2024 14:46,PA-T1-1a,Unknown,0,-----,-----,-----,-----,-----,-----,-----,,100,CLL20240821_053.gcd,8/22/2024 14:46,PA-T1-1a,Unknown,0,12.124,"44,149",9.574,-----,-----,-----,-----,,1,,80,139.09,"8,968",,130.29,8406,,114.06,8972,,136.97,"9,862",,139.09,"8,968",,100,CLL20240821_053.gcd,8/22/2024 14:46,PA-T1-1a,Unknown,0,2.695,"5,183,216",0,-----,-----,-----,-----
101,CLL20240821_054.gcd,8/22/2024 15:17,TO-T3-1a,Unknown,0,5.996,"88,853",0.22,-----,-----,-----,-----,,101,CLL20240821_054.gcd,8/22/2024 15:17,TO-T3-1a,Unknown,0,-----,-----,-----,-----,-----,-----,-----,,101,CLL20240821_054.gcd,8/22/2024 15:17,TO-T3-1a,Unknown,0,12.135,"22,822",4.962,-----,-----,-----,-----,,1,,80,250.98,"4,681",,232.76,4351,,205.52,4600,,247.51,"5,309",,250.98,"4,681",,101,CLL20240821_054.gcd,8/22/2024 15:17,TO-T3-1a,Unknown,0,2.695,"5,239,006",0,-----,-----,-----,-----
102,CLL20240821_055.gcd,8/22/2024 15:47,day 1 capped air,Unknown,0,6.04,"2,093",0.002,-----,-----,-----,-----,,102,CLL20240821_055.gcd,8/22/2024 15:47,day 1 capped air,Unknown,0,-----,-----,-----,-----,-----,-----,-----,,102,CLL20240821_055.gcd,8/22/2024 15:47,day 1 capped air,Unknown,0,12.191,"4,229",0.894,-----,-----,-----,-----,,1,,80,1.57,900,,1.03,804,,0.58,770,,5.11,"1,002",,1.57,900,,102,CLL20240821_055.gcd,8/22/2024 15:47,day 1 capped air,Unknown,0,2.695,"5,199,751",0,-----,-----,-----,-----
103,CLL20240821_056.gcd,8/22/2024 16:18,day 1 capped air,Unknown,0,6.033,"2,301",0.002,-----,-----,-----,-----,,103,CLL20240821_056.gcd,8/22/2024 16:18,day 1 capped air,Unknown,0,-----,-----,-----,-----,-----,-----,-----,,103,CLL20240821_056.gcd,8/22/2024 16:18,day 1 capped air,Unknown,0,12.188,"5,462",1.165,-----,-----,-----,-----,,1,,80,2.14,"1,152",,1.77,1040,,0.89,1025,,4.61,"1,297",,2.14,"1,152",,103,CLL20240821_056.gcd,8/22/2024 16:18,day 1 capped air,Unknown,0,2.694,"5,209,048",0,-----,-----,-----,-----
104,CLL20240821_057.gcd,8/22/2024 16:49,day 1 capped air,Unknown,0,6.034,"2,080",0.002,-----,-----,-----,-----,,104,CLL20240821_057.gcd,8/22/2024 16:49,day 1 capped air,Unknown,0,-----,-----,-----,-----,-----,-----,-----,,104,CLL20240821_057.gcd,8/22/2024 16:49,day 1 capped air,Unknown,0,12.183,"5,107",1.087,-----,-----,-----,-----,,1,,80,1.54,"1,079",,0.99,972,,0.56,951,,5.15,"1,212",,1.54,"1,079",,104,CLL20240821_057.gcd,8/22/2024 16:49,day 1 capped air,Unknown,0,2.694,"5,224,768",0,-----,-----,-----,-----
105,CLL20240821_058.gcd(Read only),8/22/2024 17:19,day 1 capped air,Unknown,0,6.038,"2,039",0.002,-----,-----,-----,-----,,105,CLL20240821_058.gcd(Read only),8/22/2024 17:19,day 1 capped air,Unknown,0,-----,-----,-----,-----,-----,-----,-----,,105,CLL20240821_058.gcd(Read only),8/22/2024 17:19,day 1 capped air,Unknown,0,12.188,"4,451",0.942,-----,-----,-----,-----,,1,,80,1.43,945,,0.84,847,,0.50,816,,5.25,"1,055",,1.43,945,,105,CLL20240821_058.gcd(Read only),8/22/2024 17:19,day 1 capped air,Unknown,0,2.696,"5,132,254",0,-----,-----,-----,-----
,,,,,,,,,,,,,,,,,,,,,,,,,,,,,,,,,,,,,,,,,,,,,,,,,,,,,,,,,,,,,,,,,,,,,,,,
,,,,,,,,,,,,,,,,,,,,,,,,,,,,,,,,,,,,,,,,,,,,,,,,,,,,,,,,,,,,,,,,,,,,,,,,
